INSERT INTO signedup_users (first_name, last_name, email,contact_no,address) VALUES
  ('Ariana', 'Dangote', 'ariana@gmail.com','9876543212','US'),
  ('Bharat', 'Gates', 'bharat@gmail.com','9876543213','ABC Chowk Pune'),
    ('Alikow', 'Dangotew', 'alikow@gmail.com','9876543212','New York'),
  ('Bill', 'Gates', 'billg@gmail.com','9876543213','Delhi'),
    ('Aliko', 'Dangote', 'daliko@gmail.com','9876543212','Punjab'),
  ('Bill', 'Gates', 'gbill@gmail.com','9876543213','Mumbai'),
    ('Aliko', 'Dangote', 'aaliko@gmail.com','9876543212','Pune'),
  ('Bill', 'Gates', 'gatebill@gmail.com','9876543213','Beed'),
    ('Aliko', 'Dangote', 'aliko@gmail.com','9876543212','Delhi'),
  ('Bill', 'Gates', 'bill@gmail.com','9876543213','Bihar'),
  ('Folrunsho', 'Alakija', 'folrunsho@gmail.com','9876543213','Maharashtra');
  
  
  
 
  INSERT INTO purchase_orders 
 (ordered_by,orderdate,po_promise_date,po_paid,po_paid_type,po_confirmed,po_cancelled,product_name,category,product_quantity,shoe_color,shoe_size,shoecategory)
 VALUES
  ('ariana@gmail.com','2021-09-04','15-09-2021','8000','CREDIT CARD','CONFIRMED','CANCELLED','Cricket Shoes','WOMEN','2','PINK','5','Cricket Shoes'),
  ('ariana@gmail.com','2021-09-04','15-09-2021','8000','CREDIT CARD','CONFIRMED','CANCELLED','Badminton Shoes','WOMEN','2','PINK','5','Badminton Shoes'),
  ('ariana@gmail.com','2021-09-04','15-09-2021','8000','CREDIT CARD','CONFIRMED','CANCELLED','Badminton Shoes','WOMEN','2','PINK','5','Badminton Shoes'),
  ('ariana@gmail.com','2021-09-05','15-09-2021','8000','CREDIT CARD','CONFIRMED','CANCELLED','Badminton Shoes','WOMEN','2','PINK','5','Badminton Shoes'),
    ('ariana@gmail.com','2021-09-06','15-09-2021','8000','CREDIT CARD','CONFIRMED','CANCELLED','Badminton Shoes','MEN','2','PINK','5','Badminton Shoes'),
  ('ariana@gmail.com','2021-09-07','15-09-2021','8000','CREDIT CARD','CONFIRMED','CANCELLED','Badminton Shoes','MEN','2','PINK','5','Badminton Shoes'),
  ('ariana@gmail.com','2021-09-08','15-09-2021','8000','CREDIT CARD','CONFIRMED','CANCELLED','Badminton Shoes','MEN','2','PINK','5','Badminton Shoes'),
  ('ariana@gmail.com','2021-09-09','15-09-2021','8000','CREDIT CARD','CONFIRMED','CANCELLED','Badminton Shoes','MEN','2','PINK','5','Badminton Shoes'),
    ('ariana@gmail.com','2021-09-03','15-09-2021','8000','CREDIT CARD','CONFIRMED','CANCELLED','Badminton Shoes','KIDS','2','PINK','5','Badminton Shoes'),
  ('ariana@gmail.com','2021-09-03','15-09-2021','8000','CREDIT CARD','CONFIRMED','CANCELLED','Badminton Shoes','KIDS','2','PINK','5','Badminton Shoes'),
  ('ariana@gmail.com','2021-09-03','15-09-2021','8000','CREDIT CARD','CONFIRMED','CANCELLED','Badminton Shoes','KIDS','2','PINK','5','Badminton Shoes'),
  ('ariana@gmail.com','2021-09-03','15-09-2021','8000','CREDIT CARD','CONFIRMED','CANCELLED','Badminton Shoes','KIDS','2','PINK','5','Badminton Shoes'),
    ('ariana@gmail.com','2021-09-03','15-09-2021','8000','CREDIT CARD','CONFIRMED','CANCELLED','Badminton Shoes','WOMEN','2','PINK','5','Badminton Shoes'),
  ('ariana@gmail.com','2021-09-03','15-09-2021','8000','CREDIT CARD','CONFIRMED','CANCELLED','Badminton Shoes','WOMEN','2','PINK','5','Badminton Shoes'),
  ('ariana@gmail.com','2021-09-03','15-09-2021','8000','CREDIT CARD','CONFIRMED','CANCELLED','Badminton Shoes','WOMEN','2','PINK','5','Badminton Shoes'),
  ('ariana@gmail.com','2021-09-03','15-09-2021','8000','CREDIT CARD','CONFIRMED','CANCELLED','Badminton Shoes','WOMEN','2','PINK','5','Badminton Shoes'),
    ('ariana@gmail.com','2021-09-03','15-09-2021','8000','CREDIT CARD','CONFIRMED','CANCELLED','Badminton Shoes','MEN','2','PINK','5','Badminton Shoes'),
  ('ariana@gmail.com','2021-09-03','15-09-2021','8000','CREDIT CARD','CONFIRMED','CANCELLED','Badminton Shoes','MEN','2','PINK','5','Badminton Shoes'),
  ('ariana@gmail.com','2021-09-03','15-09-2021','8000','CREDIT CARD','CONFIRMED','CANCELLED','Badminton Shoes','MEN','2','PINK','5','Badminton Shoes'),
  ('ariana@gmail.com','2021-09-03','15-09-2021','8000','CREDIT CARD','CONFIRMED','CANCELLED','Badminton Shoes','MEN','2','PINK','5','Badminton Shoes'),
    ('ariana@gmail.com','2021-09-03','15-09-2021','8000','CREDIT CARD','CONFIRMED','CANCELLED','Badminton Shoes','KIDS','2','PINK','5','Badminton Shoes'),
  ('ariana@gmail.com','2021-09-03','15-09-2021','8000','CREDIT CARD','CONFIRMED','CANCELLED','Basketball Shoes','KIDS','2','PINK','5','Basketball Shoes'),
  ('ariana@gmail.com','2021-09-03','15-09-2021','8000','CREDIT CARD','CONFIRMED','CANCELLED','Badminton Shoes','KIDS','2','PINK','5','Badminton Shoes'),
  ('ariana@gmail.com','2021-09-03','15-09-2021','8000','CREDIT CARD','CONFIRMED','CANCELLED','Badminton Shoes','KIDS','2','PINK','5','Badminton Shoes'),
    ('ariana@gmail.com','2021-09-03','15-09-2021','8000','CREDIT CARD','CONFIRMED','CANCELLED','Badminton Shoes','WOMEN','2','PINK','5','Badminton Shoes'),
  ('ariana@gmail.com','2021-09-03','15-09-2021','8000','CREDIT CARD','CONFIRMED','CANCELLED','Badminton Shoes','WOMEN','2','PINK','5','Badminton Shoes'),
  ('ariana@gmail.com','2021-09-03','15-09-2021','8000','CREDIT CARD','CONFIRMED','CANCELLED','Badminton Shoes','WOMEN','2','PINK','5','Badminton Shoes'),
  ('ariana@gmail.com','2021-09-03','15-09-2021','8000','CREDIT CARD','CONFIRMED','CANCELLED','Badminton Shoes','WOMEN','2','PINK','5','Badminton Shoes'),
    ('ariana@gmail.com','2021-09-03','15-09-2021','8000','CREDIT CARD','CONFIRMED','CANCELLED','Badminton Shoes','MEN','2','PINK','5','Badminton Shoes'),
  ('ariana@gmail.com','2021-09-03','15-09-2021','8000','CREDIT CARD','CONFIRMED','CANCELLED','Badminton Shoes','MEN','2','PINK','5','Badminton Shoes'),
  ('ariana@gmail.com','2021-09-03','15-09-2021','8000','CREDIT CARD','CONFIRMED','CANCELLED','Badminton Shoes','MEN','2','PINK','5','Badminton Shoes'),
  ('ariana@gmail.com','2021-09-03','15-09-2021','8000','CREDIT CARD','CONFIRMED','CANCELLED','Badminton Shoes','MEN','2','PINK','5','Badminton Shoes'),
    ('ariana@gmail.com','2021-09-03','15-09-2021','8000','CREDIT CARD','CONFIRMED','CANCELLED','Badminton Shoes','KIDS','2','PINK','5','Badminton Shoes'),
  ('ariana@gmail.com','2021-09-03','15-09-2021','8000','CREDIT CARD','CONFIRMED','CANCELLED','Badminton Shoes','KIDS','2','PINK','5','Badminton Shoes'),
  ('ariana@gmail.com','2021-09-03','15-09-2021','8000','CREDIT CARD','CONFIRMED','CANCELLED','Badminton Shoes','KIDS','2','PINK','5','Badminton Shoes'),
  ('ariana@gmail.com','2021-09-03','15-09-2021','8000','CREDIT CARD','CONFIRMED','CANCELLED','Badminton Shoes','KIDS','2','PINK','5','Badminton Shoes'),
    ('ariana@gmail.com','2021-09-03','15-09-2021','8000','CREDIT CARD','CONFIRMED','CANCELLED','Badminton Shoes','WOMEN','2','PINK','5','Badminton Shoes'),
  ('ariana@gmail.com','2021-09-03','15-09-2021','8000','CREDIT CARD','CONFIRMED','CANCELLED','Badminton Shoes','WOMEN','2','PINK','5','Badminton Shoes'),
  ('ariana@gmail.com','2021-09-03','15-09-2021','8000','CREDIT CARD','CONFIRMED','CANCELLED','Badminton Shoes','WOMEN','2','PINK','5','Badminton Shoes'),
  ('ariana@gmail.com','2021-09-03','15-09-2021','8000','CREDIT CARD','CONFIRMED','CANCELLED','Badminton Shoes','WOMEN','2','PINK','5','Badminton Shoes'),
    ('ariana@gmail.com','2021-09-03','15-09-2021','8000','CREDIT CARD','CONFIRMED','CANCELLED','Badminton Shoes','MEN','2','PINK','5','Badminton Shoes'),
  ('ariana@gmail.com','2021-09-03','15-09-2021','8000','CREDIT CARD','CONFIRMED','CANCELLED','Badminton Shoes','MEN','2','PINK','5','Badminton Shoes'),
  ('ariana@gmail.com','2021-09-03','15-09-2021','8000','CREDIT CARD','CONFIRMED','CANCELLED','Badminton Shoes','MEN','2','PINK','5','Badminton Shoes'),
  ('ariana@gmail.com','2021-09-03','15-09-2021','8000','CREDIT CARD','CONFIRMED','CANCELLED','Badminton Shoes','MEN','2','PINK','5','Badminton Shoes'),
    ('ariana@gmail.com','2021-09-03','15-09-2021','8000','CREDIT CARD','CONFIRMED','CANCELLED','Badminton Shoes','KIDS','2','PINK','5','Badminton Shoes'),
  ('ariana@gmail.com','2021-09-03','15-09-2021','8000','CREDIT CARD','CONFIRMED','CANCELLED','Badminton Shoes','KIDS','2','PINK','5','Badminton Shoes'),
  ('ariana@gmail.com','2021-09-03','15-09-2021','8000','CREDIT CARD','CONFIRMED','CANCELLED','Badminton Shoes','KIDS','2','PINK','5','Badminton Shoes'),
  ('ariana@gmail.com','2021-09-03','15-09-2021','8000','CREDIT CARD','CONFIRMED','CANCELLED','Badminton Shoes','KIDS','2','PINK','5','Badminton Shoes');
  DROP TABLE IF EXISTS color;
CREATE TABLE color (
  id INT AUTO_INCREMENT  PRIMARY KEY,
  color_value VARCHAR(250) DEFAULT NULL
  
); 
insert into color(color_value) 
values('RED'),('YELLOW'),('GREEN'),('WHITE'),('BLACK'),('ORANGE'),('GRAY'),('PINK');
insert into size(size_value) values('3'),('4'),('5'),('6'),('7'),('8'),('9'),('9.5');

insert into gender(gender) values('MALE'),('FEMALE'),('KIDS');

  
  
  INSERT INTO shoe_category(shoe_type)
  VALUES('Badminton Shoes'),('Cricket Shoes'),('Tennis Shoes'),('Basketball Shoes'),('Hiking & Trekking'),
  ('Motorsport Shoes'),('Boxing & Wrestling Shoes'),('Hockey Shoes'),('Squash Shoes'),('Cycling Shoes'),('Riding Shoes'),
  ('Rock Climbing Shoes'),('Bowling Shoes'),('Golf Shoes');
  

  


  
  
  
  
  
  
  
  
  
  
  
  
  
  
  
  
  